﻿Nombre,Descripción,Tipo de Dato
FECHA_REGISTRO_BIEN,"Indica fecha en la que el bien se registró/cargó por primera vez en el
sistema.",Date Time
NUM_DORM,Cantidad de dormitorios que posee el bien.,Integer
SUP_TOTAL,Suma de superficies que hacen al total de la propiedad.,Double
PAGO_DPU,Indica si se acepta pago con un Departamento Usado.,TinyInt
SUP_UTIL,Superficie cubierta del bien.,Double
FECHA_INACTIVO,Indica fecha en que el bien pasó a estar en estado Bloqueado.,Date Time
VALOR_IVA,Valor IVA del bien.,Decimal
VALOR_BONO_2,Valor bono 2.,Decimal
ROL_BIEN,Número de rol de la propiedad otorgado por CBRS.,Varchar
SUP_TOTAL_MUNICIPAL,Superficie total  municipal.,Double
NUM_BIEN,Número correspondiente del bien en el proyecto.,Varchar
SUP_PONDERADA,Superficie útil + (Superficie Terraza/2),Double
CAMBIOS,Descripción del cambio realizado,Text
SUP_TERRAZA_MUNICIPAL,Superficie terraza del bien declarada en Municipalidad.,Double
FECHA_MODIFICACION_DESCUENTO_NO_AUTORIZADO,Fecha en que se modificó el Descuento No Autorizado del bien.,Date Time
SUP_DESPENSA,Superficie de Despensa.,Double
FECHA_IMAGEN,Indica cuando se actualizó por última vez la imagen de planta del bien.,Date Time
SUP_OTRAS,"Indica aquella superficie que posea el bien y que no esté detallada en
las anteriores.",Double
URL_IMAGEN_2,URL a la segunda imagen cargada del bien.,Text
ID_USUARIO_MODIFICA_DESCUENTO_NO_AUTORIZADO,"Identificador único del usuario MobySuite que modificó el Descuento No
Autorizado del bien.",Integer
VALOR_VENTA,"Valor al que efectivamente se vende el bien. (Vlista - Descuentos +-
Adicionales + Valor Habilitacional)",Decimal
NUM_CAMAS,Cantidad de camas que posee el bien.,Integer
PISO,N° de piso en el que se ubica el bien en el proyecto.,Integer
SUP_MIRADOR_TERRAZA,Superficie de terraza mirador del bien o edificio.,Double
ARRIENDO_PROMEDIO,"Indica el valor promedio al que se arrienda si es de uso y goce, o que
podría arrendarse.",Decimal
ACCION,Tipo de acción realizada,Varchar
SUP_TERRAZA,Superficie terraza del bien.,Double
VALOR_LISTA,Valor al que se pone en venta el bien.,Decimal
SUP_INTERIOR,Superficie interior del bien.,Double
FECHA_ACTIVO,Indica fecha en que el bien pasó a estar en estado Activo.,Date Time
FECHA_CAMBIO,Fecha en la que se realizo el cambio,Date Time
FECHA_CONTRATO,"Fecha en que se produce la Reserva del bien, y se le asigna un número de contrato.",Date Time
ITEM_IVA,"Indica que el bien no se comporta como bien, sino que es un bien
  Adicional, en este caso un adicional de IVA.",TinyInt
VALOR_BONO_1,Valor bono 1.,Decimal
VALOR_BONO_3,Valor bono 3.,Decimal
FECHA_FIN_ITEM,"En caso que el bien sea ítem, indica fecha final de vigencia del mismo.",Date Time
ID_USUARIO_MODIFICA_DISPONIBLE,"Identificador único del usuario MobySuite que Disponibilizó o Bloqueó el
bien.",Integer
SUP_INTERIOR_MUNICIPAL,Superficie interior del bien declarada en Municipalidad.,Double
ID_USUARIO_MODIFICACION,Usuario que realizo el cambio del bien.,Integer
DESCUENTO_NO_AUTORIZADO,"Descuento que se puede aplicar sobre el bien, pero que requiere
autorización.",Decimal
DESCUENTO_SALA,"Detalla el descuento cargado en el bien, permitido para hacer en sala de
ventas.",Decimal
ID_BIEN,Identificador único del elemento bien,Integer
ID_USUARIO_ALTA,"Identificador único del usuario MobySuite que creó o importó dicho bien
al sistema por primera vez.",Integer
SUP_LOGIA_MUNICIPAL,Superficie de lavandería o logia declarada en Municipalidad.,Double
AREA_ULTIMA_MODIFICACION,Lugar del sistema donde se realizo el cambio,Varchar
DISPONIBLE,Indica si el bien se encuentra Activo o Bloqueado.,TinyInt
ID_BIEN_LOG,Identificador único del elemento.,Integer
ORIENTACION,"Posición de la vivienda respecto del sol (Sur, Oriente, Poniente, Empty,
  etc.)",Varchar
DESCUENTO_AUTORIZADO,"Descuento que se permite aplicar al Ejecutivo sobre dicho bien al
cotizar.",Decimal
ID_PROYECTO,Identificador único del proyecto al que pertenece dicho bien.,Integer
VERSION,Indicador para desarrolladores a la hora de realizar alguna modificación.,Integer
PRECIO_INMOBILIARIO,"Detalla valor inmobiliario, utilizados
por algunos clientes. Se carga desde bienes.",Decimal
VALOR_BASE,Mínimo valor al que puede venderse el bien.,Decimal
ELIMINADO,Indica si el bien se eliminó del proyecto en el Gestión Comercial.,TinyInt
ID_USUARIO_MODIFICA_DESCUENTO_AUTORIZADO,"Identificador único del usuario MobySuite que modificó el Descuento
Autorizado del bien.",Integer
MOSTRAR_EN_COTIZADOR_WEB,Indica si el bien se muestra o no en el cotizador web.,TinyInt
SUP_TERRENO,Superficie del terreno.,Double
ITEM,"Indica que el bien no se comporta como bien, sino que es un bien Adicional.",TinyInt
URL_IMAGEN_3,URL a la tercer imagen cargada del bien.,Text
TIP_COCINA,"Detalla el tipo de cocina que posee el bien (Integrada, cerrada, etc.)",Varchar
ESTRATEGIA_COMERCIAL,"Detalla campos con
valores estratégicos, utilizados por algunos clientes. Se carga desde bienes.",Decimal
FECHA_FIRMA_ESCRITURA_CLIENTE,Indica fecha en la que el cliente firma la escritura del bien.,Date Time
FECHA_INICIO_ITEM,"En caso que el bien sea ítem, indica fecha inicial del mismo.",Date Time
NUM_BANOS,Cantidad de baños que posee el bien.,Integer
ESTADO_BIEN,"Estado actual en que se encuentra ese bien en el proyecto (Disponible,
  Reservado, Promesado, etc.)",Varchar
DIVIDENDO,"Detalla campo
utilizado para estimar dividendos del bien.",Decimal
ETAPA,"Para proyectos en etapas, indica a qué etapa del proyecto corresponde
  dicho bien.",Varchar
FECHA_MODIFICACION_DESCUENTO_AUTORIZADO,Fecha en que se modificó el Descuento Autorizado del bien.,Date Time
TIPO_BIEN,"Tipo del bien (Ejemplos: casa, departamento, etc)",Varchar
URL_IMAGEN_1,"URL a la primer imagen cargada del bien, normalmente es la imagen de
planta que aparece en cotización.",Text
SUP_JARDIN,Superficie jardín.,Double
SUP_LOGIA,Superficie de lavandería o logia.,Double
TOTAL_REVERSAS,"Cantidad de veces que el bien ha estado en un contrato que luego se
reversó.",Integer
OBSERVACIONES,Observaciones o detalle que se ha agregado a la descripción del bien.,Text
COMPARTIDO_GRUPO,"Indica si el bien se encuentra dentro de un grupo de proyectos que
comparten bienes (ej: estacionamientos entre 2 torres)",TinyInt
TIPO,"Indica la tipología del bien Ej: A, B, C, D.",Varchar
USO_GOCE,"Indica si es o no un bien de uso y goce, es decir si se arrienda o no.",TinyInt
VALOR_ADICIONAL,Valor de algún adicional que posea el bien.,Decimal