﻿Nombre,Tipo de Dato,Descripción
ID_CONTRATO_OBSERVACION,Integer,Identificador del ingreso del cliente
FECHA_REGISTRO,Date Time,Fecha en la que se registró la observación
OBSERVACION,Text,Observación del contrato
ID_CONTRATO,Integer,Identificador unico del contrato
ID_USUARIO,Integer,Identificador único del usuario
ORIGEN,Varchar,Muestra el Módulo en el cual se agregó observación
ESTADO_CONTRATO,Varchar,Estado del contrato
MOSTRAR_OBSERVACION_EN,Varchar,Muestra lugar en el que se muestra la observación
ELIMINADO,TinyInt,Muestra si la observación está eliminada