﻿Nombre,Descripción,Tipo de Dato
NOMBRE_PROYECTOS,Proyectos a los que esta asociada la encuesta,Text
NOMBRE,Nombre de la encuesta,Varchar
DESCRIPCION,Descripción de la encuesta,Text
ID_ENCUESTA,Identificador único de la encuesta,Integer
TIPO_EVENTO,Tipo de evento del sistema que dispara dicha encuesta,Varchar
FECHA_CREACION,Fecha de creación de la encuesta,Date Time
FECHA_ACTUALIZACION,Fecha de última modificación de la encuesta,Date Time
ID_PROYECTOS,Ids de los proyectos a los que esta asociada la encuesta,Text
ACTIVO,Indica si la encuesta está activa,Boolean