﻿Nombre,Tipo de Dato,Descripción
ID_ENCUESTA,Integer,Identificador único de la encuesta
NOMBRE,Varchar,Nombre de la encuesta
DESCRIPCION,Text,Descripción de la encuesta
TIPO_EVENTO,Varchar,Tipo de evento del sistema que dispara dicha encuesta
ACTIVO,Boolean,Indica si la encuesta está activa
NOMBRE_PROYECTOS,Text,Proyectos a los que esta asociada la encuesta
ID_PROYECTOS,Text,Ids de los proyectos a los que esta asociada la encuesta
FECHA_CREACION,Date Time,Fecha de creación de la encuesta
FECHA_ACTUALIZACION,Date Time,Fecha de última modificación de la encuesta